storey,OpenSees_shear_X_kN,ETABS_shear_X_kN,OpenSees_shear_Y_kN,ETABS_shear_Y_kN,OpenSees_drift_centre_X_pct,ETABS_drift_centre_X_pct,OpenSees_drift_max_X_pct,ETABS_drift_max_X_pct,OpenSees_drift_centre_Y_pct,ETABS_drift_centre_Y_pct,OpenSees_drift_max_Y_pct,ETABS_drift_max_Y_pct
1,6566,,6943,,0.0202,,0.0444,,0.0463,,0.0463,
2,6539,,6909,,0.0432,,0.0979,,0.0995,,0.0996,
3,6485,,6837,,0.0555,,0.1255,,0.1260,,0.1262,
4,6402,,6724,,0.0672,,0.1511,,0.1476,,0.1477,
5,6289,,6580,,0.0774,,0.1731,,0.1634,,0.1636,
6,6147,,6409,,0.0851,,0.1880,,0.1732,,0.1734,
7,5978,,6223,,0.0911,,0.1986,,0.1793,,0.1795,
8,5788,,6031,,0.0960,,0.2061,,0.1830,,0.1832,
9,5582,,5836,,0.1000,,0.2113,,0.1850,,0.1852,
10,5367,,5644,,0.1034,,0.2148,,0.1859,,0.1861,
11,5147,,5455,,0.1062,,0.2170,,0.1862,,0.1864,
12,4931,,5274,,0.1087,,0.2188,,0.1863,,0.1865,
13,4728,,5109,,0.1115,,0.2214,,0.1869,,0.1871,
14,4544,,4962,,0.1134,,0.2215,,0.1866,,0.1868,
15,4374,,4829,,0.1150,,0.2212,,0.1864,,0.1866,
16,4223,,4707,,0.1165,,0.2209,,0.1866,,0.1868,
17,4088,,4596,,0.1182,,0.2210,,0.1877,,0.1879,
18,3970,,4490,,0.1194,,0.2204,,0.1880,,0.1882,
19,3866,,4388,,0.1203,,0.2193,,0.1876,,0.1878,
20,3772,,4286,,0.1209,,0.2182,,0.1865,,0.1867,
21,3684,,4183,,0.1218,,0.2179,,0.1853,,0.1855,
22,3596,,4072,,0.1218,,0.2154,,0.1827,,0.1828,
23,3499,,3946,,0.1218,,0.2129,,0.1795,,0.1797,
24,3386,,3797,,0.1212,,0.2091,,0.1752,,0.1754,
25,3248,,3621,,0.1204,,0.2046,,0.1701,,0.1703,
26,3078,,3414,,0.1192,,0.1992,,0.1641,,0.1643,
27,2870,,3172,,0.1177,,0.1929,,0.1572,,0.1573,
28,2616,,2890,,0.1159,,0.1860,,0.1494,,0.1496,
29,2317,,2565,,0.1148,,0.1812,,0.1416,,0.1417,
30,1967,,2187,,0.1120,,0.1707,,0.1318,,0.1319,
31,1555,,1738,,0.1095,,0.1612,,0.1222,,0.1224,
32,1077,,1210,,0.1070,,0.1516,,0.1133,,0.1135,
33,531,,602,,0.1033,,0.1387,,0.1055,,0.1056,
