key,description,unit,OpenSees_value,ETABS_value
W,Total seismic weight = mass source x g,kN,619437,
T1,Mode 1 period,s,8.32797,
T2,Mode 2 period,s,6.70015,
T3,Mode 3 period,s,4.21953,
T4,Mode 4 period,s,2.54359,
T5,Mode 5 period,s,2.09284,
T6,Mode 6 period,s,1.29718,
UX1,Mode 1 participating mass ratio UX,%,29.5074,
UY1,Mode 1 participating mass ratio UY,%,0.000233095,
RZ1,Mode 1 participating mass ratio RZ,%,40.8027,
UX2,Mode 2 participating mass ratio UX,%,0.000144149,
UY2,Mode 2 participating mass ratio UY,%,71.8861,
RZ2,Mode 2 participating mass ratio RZ,%,8.90684e-05,
UX3,Mode 3 participating mass ratio UX,%,35.7754,
UY3,Mode 3 participating mass ratio UY,%,1.02119e-05,
RZ3,Mode 3 participating mass ratio RZ,%,28.8713,
UX4,Mode 4 participating mass ratio UX,%,6.41367,
UY4,Mode 4 participating mass ratio UY,%,5.30069e-05,
RZ4,Mode 4 participating mass ratio RZ,%,6.6183,
UX5,Mode 5 participating mass ratio UX,%,3.21161e-05,
UY5,Mode 5 participating mass ratio UY,%,13.6764,
RZ5,Mode 5 participating mass ratio RZ,%,2.1216e-05,
UX6,Mode 6 participating mass ratio UX,%,1.57925,
UY6,Mode 6 participating mass ratio UY,%,2.06399e-05,
RZ6,Mode 6 participating mass ratio RZ,%,4.1289,
SumUX,"Cumulative mass ratio UX, 12 modes",%,87.3353,
SumUY,"Cumulative mass ratio UY, 12 modes",%,94.3605,
SumRZ,"Cumulative mass ratio RZ, 12 modes",%,90.1092,
V_RSA_X,"RSA base shear X (unscaled, CQC)",kN,6565.82,
Vcore_RSA_X,"RSA base shear X carried by core walls (sum of pier shears, storey 1)",kN,5134.34,
roof_RSA_X,RSA roof displacement X at the plan centre,mm,129.48,
V_RSA_Y,"RSA base shear Y (unscaled, CQC)",kN,6942.88,
Vcore_RSA_Y,"RSA base shear Y carried by core walls (sum of pier shears, storey 1)",kN,3447.36,
roof_RSA_Y,RSA roof displacement Y at the plan centre,mm,201.945,
P1_R,"Storey-1 axial force, pier R (rear), gravity D+SDL+LL",kN,37806.4,
P1_M,"Storey-1 axial force, pier M (middle), gravity D+SDL+LL",kN,57720.7,
P1_F,"Storey-1 axial force, pier F (front), gravity D+SDL+LL",kN,57242.5,
P1_cols,"Storey-1 axial force, sum of the 26 columns, gravity D+SDL+LL",kN,466668,
