storey,A_shear_X_MN,A_drift_centre_X_pct,A_drift_corner_X_pct,A_shear_Y_MN,A_drift_centre_Y_pct,A_drift_corner_Y_pct,B_shear_X_MN,B_drift_centre_X_pct,B_drift_corner_X_pct,B_shear_Y_MN,B_drift_centre_Y_pct,B_drift_corner_Y_pct
1,8.20,0.0197,0.0447,8.61,0.0429,0.0429,10.53,0.0204,0.0462,10.42,0.0425,0.0425
2,8.17,0.0410,0.0952,8.57,0.0897,0.0898,10.50,0.0387,0.0900,10.38,0.0839,0.0840
3,8.11,0.0519,0.1198,8.49,0.1123,0.1125,10.44,0.0466,0.1071,10.29,0.1019,0.1020
4,8.02,0.0621,0.1422,8.36,0.1303,0.1304,10.35,0.0537,0.1218,10.17,0.1158,0.1159
5,7.90,0.0708,0.1605,8.20,0.1428,0.1429,10.24,0.0589,0.1312,10.00,0.1242,0.1243
6,7.75,0.0773,0.1730,8.01,0.1505,0.1507,10.09,0.0626,0.1368,9.81,0.1290,0.1290
7,7.58,0.0825,0.1818,7.80,0.1553,0.1555,9.92,0.0654,0.1401,9.59,0.1315,0.1316
8,7.38,0.0867,0.1881,7.58,0.1581,0.1583,9.73,0.0676,0.1419,9.35,0.1327,0.1327
9,7.16,0.0902,0.1924,7.35,0.1596,0.1598,9.52,0.0693,0.1424,9.11,0.1329,0.1329
10,6.93,0.0931,0.1952,7.12,0.1602,0.1604,9.29,0.0707,0.1420,8.86,0.1325,0.1326
11,6.70,0.0955,0.1969,6.89,0.1604,0.1606,9.05,0.0717,0.1410,8.61,0.1318,0.1319
12,6.47,0.0977,0.1983,6.67,0.1604,0.1606,8.81,0.0724,0.1396,8.36,0.1308,0.1309
13,6.24,0.1003,0.2008,6.47,0.1610,0.1612,8.57,0.0744,0.1421,8.12,0.1317,0.1318
14,6.03,0.1017,0.2003,6.29,0.1605,0.1607,8.34,0.0745,0.1394,7.90,0.1303,0.1304
15,5.83,0.1029,0.1995,6.11,0.1603,0.1605,8.11,0.0749,0.1374,7.68,0.1294,0.1294
16,5.65,0.1041,0.1988,5.95,0.1602,0.1604,7.87,0.0751,0.1356,7.46,0.1284,0.1285
17,5.47,0.1054,0.1985,5.80,0.1610,0.1611,7.63,0.0756,0.1343,7.25,0.1281,0.1282
18,5.30,0.1062,0.1974,5.66,0.1609,0.1611,7.39,0.0756,0.1323,7.03,0.1271,0.1272
19,5.14,0.1068,0.1958,5.52,0.1602,0.1604,7.13,0.0754,0.1300,6.82,0.1256,0.1256
20,4.99,0.1071,0.1941,5.37,0.1589,0.1591,6.87,0.0748,0.1271,6.59,0.1234,0.1235
21,4.84,0.1078,0.1935,5.22,0.1577,0.1579,6.59,0.0752,0.1275,6.36,0.1223,0.1224
22,4.68,0.1075,0.1903,5.07,0.1550,0.1552,6.30,0.0741,0.1236,6.12,0.1192,0.1193
23,4.51,0.1072,0.1874,4.89,0.1520,0.1522,5.98,0.0734,0.1211,5.85,0.1164,0.1165
24,4.32,0.1064,0.1832,4.68,0.1480,0.1482,5.64,0.0721,0.1167,5.55,0.1125,0.1125
25,4.11,0.1054,0.1785,4.45,0.1434,0.1435,5.26,0.0706,0.1120,5.22,0.1081,0.1081
26,3.86,0.1041,0.1730,4.17,0.1380,0.1381,4.84,0.0688,0.1068,4.85,0.1031,0.1032
27,3.56,0.1025,0.1667,3.85,0.1319,0.1320,4.39,0.0670,0.1010,4.44,0.0978,0.0978
28,3.22,0.1006,0.1597,3.49,0.1250,0.1252,3.89,0.0646,0.0938,3.98,0.0916,0.0917
29,2.83,0.0998,0.1559,3.08,0.1185,0.1187,3.35,0.0647,0.0946,3.47,0.0876,0.0876
30,2.38,0.0971,0.1461,2.60,0.1102,0.1103,2.77,0.0620,0.0857,2.91,0.0804,0.0804
31,1.87,0.0949,0.1377,2.05,0.1022,0.1023,2.14,0.0597,0.0780,2.27,0.0733,0.0733
32,1.29,0.0927,0.1293,1.42,0.0948,0.0949,1.45,0.0575,0.0711,1.55,0.0665,0.0665
33,0.63,0.0895,0.1179,0.70,0.0882,0.0883,0.70,0.0549,0.0692,0.76,0.0606,0.0606
