run,framing,Vmax_MN,Vmax_over_W_pct,roof_drift_at_Vmax_pct,core_share_at_Vmax_pct,roof_drift_first_link_beam_failure_pct,roof_drift_first_wall_shear_failure_pct,roof_drift_first_wall_axial_failure_pct,roof_drift_first_punching_pct,status,final_roof_drift_pct
A-D1D2D3D4_dir2,A,7.8,1.46,0.94,43,0.21,,,,nonconverged,1.50
A-D1D2D3_dir2,A,7.5,1.41,0.91,45,0.21,,,1.71,nonconverged,1.71
A-D1D2D4_dir2,A,8.1,1.48,0.99,45,0.20,,,,nonconverged,1.60
A-D1D2_dir1,A,21.5,3.91,0.80,60,0.45,,,,nonconverged,0.81
A-D1D2_dir2,A,7.8,1.42,0.95,47,0.20,,,1.77,nonconverged,1.77
A-D1D3D4_dir2,A,9.4,1.76,0.31,53,0.36,,,,nonconverged,1.38
A-D1D3_dir1,A,21.3,3.96,0.75,61,0.78,,,1.01,numerical,1.01
A-D1D3_dir2,A,9.2,1.72,0.30,53,0.35,,,1.62,nonconverged,1.62
A-D1D4_dir1,A,21.5,3.92,0.66,66,0.73,,,,nonconverged,0.86
A-D1D4_dir2,A,9.7,1.77,0.29,58,0.35,,,,numerical,1.48
A-D1_dir1,A,22.1,4.02,0.70,63,0.74,,,1.03,nonconverged,1.03
A-D1_dir2,A,9.4,1.72,0.29,57,0.34,,,1.68,nonconverged,1.68
A-D2D3D4_dir2,A,8.5,1.59,1.02,44,0.22,,,,numerical,1.62
A-D2D3_dir1,A,20.8,3.87,0.99,61,0.49,,,1.05,nonconverged,1.11
A-D2D3_dir2,A,8.2,1.52,1.04,48,0.21,,,1.83,nonconverged,1.83
A-D2D4_dir1,A,21.5,3.92,0.96,62,0.45,,,1.00,numerical,1.00
A-D2D4_dir2,A,8.9,1.61,1.04,45,0.21,,,,nonconverged,1.76
A-D2_dir1,A,21.6,3.93,1.01,61,0.47,,,1.08,numerical,1.10
A-D2_dir2,A,8.5,1.55,1.07,47,0.20,,,1.91,nonconverged,1.91
A-D3D4_dir1,A,21.2,3.95,0.63,66,0.68,,,0.89,nonconverged,0.89
A-D3D4_dir2,A,9.9,1.85,0.73,54,0.36,,,,nonconverged,1.58
A-D3_dir1,A,21.8,4.07,0.66,63,0.70,,,1.04,nonconverged,1.04
A-D3_dir2,A,9.6,1.80,0.81,54,0.35,,,1.74,nonconverged,1.74
A-D4_dir1,A,22.2,4.05,0.79,65,0.65,,,0.91,numerical,0.92
A-D4_dir2,A,10.3,1.87,1.02,52,0.35,,,,numerical,1.73
A-REF_dir1,A,22.5,4.10,0.62,64,0.67,,,1.08,numerical,1.12
A-REF_dir2,A,10.0,1.83,0.74,57,0.35,,,1.85,nonconverged,1.85
B-D1D2D3D4_dir2,B,19.8,3.55,0.88,12,0.24,,1.04,,core pier axial failure,1.03
B-D1D2D3_dir2,B,19.5,3.50,0.96,25,0.23,,,,nonconverged,1.89
B-D1D2D4_dir2,B,20.2,3.55,0.92,14,0.22,,1.00,,core pier axial failure,0.99
B-D1D2_dir1,B,39.3,6.89,0.79,48,0.67,,0.88,,core pier axial failure,0.87
B-D1D2_dir2,B,19.9,3.49,1.05,27,0.22,,,,numerical,2.23
B-D1D3D4_dir2,B,30.8,5.52,0.92,-27,0.39,,,,nonconverged,0.92
B-D1D3_dir1,B,38.0,6.81,0.73,50,,,0.86,,core pier axial failure,0.85
B-D1D3_dir2,B,20.7,3.71,0.90,32,0.39,,,,numerical,1.66
B-D1D4_dir1,B,38.1,6.68,0.62,56,,,,,nonconverged,0.62
B-D1D4_dir2,B,21.5,3.77,0.88,25,0.38,,,,numerical,0.94
B-D1_dir1,B,39.7,6.96,0.82,41,1.13,,1.70,,core pier axial failure,1.69
B-D1_dir2,B,21.1,3.71,0.92,34,0.38,,,,numerical,2.06
B-D2D3D4_dir2,B,20.7,3.70,0.99,13,0.23,,1.24,,core pier axial failure,1.23
B-D2D3_dir1,B,39.4,7.07,0.94,48,0.65,,,,numerical,1.82
B-D2D3_dir2,B,20.3,3.64,1.06,25,0.22,,,,completed,2.49
B-D2D4_dir1,B,40.7,7.13,0.95,46,0.57,,,,numerical,1.82
B-D2D4_dir2,B,23.9,4.18,1.12,-12,0.22,,,,nonconverged,1.12
B-D2_dir1,B,40.4,7.09,0.94,50,0.60,,,,numerical,2.17
B-D2_dir2,B,20.8,3.64,1.07,24,0.22,,,,completed,2.49
B-D3D4_dir2,B,21.8,3.91,0.93,23,0.38,,1.10,,core pier axial failure,1.09
B-D3_dir1,B,39.7,7.12,0.92,48,1.18,,,,numerical,1.85
B-D3_dir2,B,21.5,3.85,0.92,29,0.38,,,,completed,2.49
B-D4_dir1,B,40.9,7.18,0.94,47,1.00,,,,numerical,1.81
B-D4_dir2,B,22.4,3.92,0.93,23,0.38,,,,numerical,1.17
B-REF_dir1,B,40.8,7.15,0.91,49,1.07,,,,nonconverged,2.05
B-REF_dir2,B,22.0,3.85,0.95,28,0.37,,,,completed,2.49
