variant,scenario,outcome,gravity_load_removed_MN,extra_load_on_storey1_columns_MN,extra_load_on_remaining_core_MN,pct_of_removed_load_to_columns,final_or_collapse_drop_mm,where,punching_failures,wall_axial_failures,column_failures,link_beam_failures,t_collapse_s
A-REF,S1_F_story1,stable,53.8,14.7,38.7,27,20,core-F-L1,0,0,0,0,
A-REF,S2_F_1-4,stable,53.8,16.3,34.9,30,21,core-F-L4,0,0,0,0,
A-REF,S3_FM_1-4,nonconverged,109.9,49.5,54.4,45,274,core-F-L4,4,0,1,10,
A-REF,S4_core_1-4,collapse,146.8,13.1,0.0,9,614,core-F-L4,0,0,0,0,0.40500000000000025
A-REF,S5_core_story1,collapse,146.8,11.4,0.0,8,600,core-F-L1,0,0,0,0,0.40000000000000024
A-REF,S6_M_story1,stable,56.1,2.9,52.5,5,4,core-M-L1,0,0,0,0,
A-REF,S7_R_story1,stable,37.0,3.4,33.1,9,13,core-R-L1,0,0,0,0,
A-D1D2D3D4,S1_F_story1,stable,47.0,16.0,30.6,34,24,core-F-L1,0,0,0,0,
A-D1D2D3D4,S2_F_1-4,stable,47.0,16.2,28.6,34,23,core-F-L4,0,0,0,0,
A-D1D2D3D4,S3_FM_1-4,collapse,97.1,15.3,-0.2,16,606,core-M-L4,0,0,0,66,0.7400000000000005
A-D1D2D3D4,S4_core_1-4,collapse,130.1,9.8,0.0,8,607,core-F-L4,0,0,0,0,0.41000000000000025
A-D1D2D3D4,S5_core_story1,collapse,130.1,7.7,0.0,6,609,core-F-L1,0,0,0,0,0.41000000000000025
A-D1D2D3D4,S6_M_story1,stable,50.0,4.1,45.4,8,6,core-M-L1,0,0,0,0,
A-D1D2D3D4,S7_R_story1,stable,33.1,4.4,28.3,13,15,core-R-L1,0,0,0,0,
B-REF,S1_F_story1,stable,62.4,22.8,39.1,36,14,core-F-L1,0,0,0,0,
B-REF,S2_F_1-4,stable,62.4,25.2,34.6,40,15,core-F-L4,0,0,0,0,
B-REF,S3_FM_1-4,stable,126.9,91.9,29.2,72,45,core-F-L4,0,0,0,0,
B-REF,S4_core_1-4,collapse,169.2,58.3,0.0,34,608,core-R-L4,0,0,0,0,0.7550000000000006
B-REF,S5_core_story1,collapse,169.2,51.8,0.0,31,601,core-F-L1,0,0,0,0,0.7500000000000006
B-REF,S6_M_story1,stable,64.6,8.2,55.7,13,5,core-M-L1,0,0,0,0,
B-REF,S7_R_story1,stable,42.2,9.9,31.8,24,10,core-R-L1,0,0,0,0,
B-D1D2D3D4,S1_F_story1,stable,52.2,24.9,26.9,48,16,core-F-L1,0,0,0,0,
B-D1D2D3D4,S2_F_1-4,stable,52.2,27.0,23.0,52,17,core-F-L4,0,0,0,0,
B-D1D2D3D4,S3_FM_1-4,stable,108.2,81.7,21.4,75,40,core-F-L4,0,0,0,8,
B-D1D2D3D4,S4_core_1-4,stable,145.9,138.4,0.0,95,158,core-R-L4,0,0,0,0,
B-D1D2D3D4,S5_core_story1,stable,145.9,144.8,0.0,99,158,core-R-L1,0,0,0,0,
B-D1D2D3D4,S6_M_story1,stable,56.0,10.1,45.4,18,6,core-M-L1,0,0,0,0,
B-D1D2D3D4,S7_R_story1,stable,37.7,12.0,25.3,32,12,core-R-L1,0,0,0,0,
