variant,SF:peak_drift_% (C = collapse),collapse_SF,max_SF_survived
A-REF,1.0:0.42 2.0:0.86 3.0:1.45 4.5:1.71 6.0:2.21 8.0:C,8.0,6.0
A-D1,1.0:0.52 2.0:1.0 3.0:1.58 4.5:1.74 6.0:2.42 7.0:C 8.0:C,7.0,6.0
A-D2,1.0:0.4 2.0:1.04 3.0:1.55 4.5:2.21 5.25:C 6.0:C,5.25,4.5
A-D3,1.0:0.51 2.0:0.91 3.0:1.54 4.5:1.82 6.0:2.3 7.0:C 8.0:C,7.0,6.0
A-D4,1.0:0.4 2.0:0.74 3.0:1.47 4.5:1.55 6.0:2.16 7.0:C 8.0:C,7.0,6.0
A-D1D2D3D4,1.0:0.51 2.0:1.33 3.0:1.48 3.75:1.46 4.5:1.5,>4.5,4.5
B-REF,1.0:0.28 2.0:0.52 3.0:0.91 4.5:1.28 6.0:2.22 8.0:2.79,>8.0,8.0
B-D1,1.0:0.3 2.0:0.6 3.0:0.91 4.5:1.45 5.25:1.96 6.0:C,6.0,5.25
B-D2,1.0:0.27 2.0:0.61 3.0:0.91 4.5:1.65 6.0:1.93 8.0:2.42,>8.0,8.0
B-D3,1.0:0.29 2.0:0.58 3.0:0.92 4.5:1.36 6.0:2.25 7.0:2.36 8.0:C,8.0,7.0
B-D4,1.0:0.25 2.0:0.47 3.0:0.91 4.5:1.25 5.25:C 6.0:C,5.25,4.5
B-D1D2D3D4,1.0:0.29 2.0:0.71 3.0:0.96 3.75:1.16 4.5:C,4.5,3.75
